{"cameraMode":{"drawMode":0,"name":"Shaded","section":"Shading Mode"},"sceneLighting":true,"audioPlay":false,"sceneViewState":{"showFog":true,"showMaterialUpdate":false,"showSkybox":true,"showFlares":true,"showImageEffects":true,"showParticleSystems":true},"in2DMode":false,"pivot":{"x":0.09136039763689041,"y":0.2318863570690155,"z":-3.213682174682617},"rotation":{"x":-0.05128002539277077,"y":-0.017379017546772958,"z":0.0008927941089496017,"w":-0.9985479116439819},"size":3.94687819480896,"orthographic":false}