{"cameraMode":{"drawMode":0,"name":"Shaded","section":"Shading Mode"},"sceneLighting":true,"audioPlay":false,"sceneViewState":{"showFog":true,"showMaterialUpdate":false,"showSkybox":true,"showFlares":true,"showImageEffects":true,"showParticleSystems":true},"in2DMode":false,"pivot":{"x":0.4415547847747803,"y":1.037388563156128,"z":-3.778808832168579},"rotation":{"x":-0.03172703832387924,"y":-0.06981083750724793,"z":0.002220534486696124,"w":-0.9970611929893494},"size":5.1600823402404789,"orthographic":false}