{"cameraMode":{"drawMode":0,"name":"Shaded","section":"Shading Mode"},"sceneLighting":true,"audioPlay":false,"sceneViewState":{"showFog":true,"showMaterialUpdate":false,"showSkybox":true,"showFlares":true,"showImageEffects":true,"showParticleSystems":true},"in2DMode":false,"pivot":{"x":-0.8959751129150391,"y":-0.3519541025161743,"z":-0.3291056156158447},"rotation":{"x":-0.037308789789676669,"y":-0.6341785192489624,"z":0.030660368502140046,"w":-0.7716785669326782},"size":7.711451530456543,"orthographic":false}